add,299258,1,303054
add,114449,6,169762
add,170249,5,169315
add,87738,4,169783
add,175920,1,176025
add,41194,5,177428
add,182126,4,182029
add,170259,3,19380
add,187806,1,187753
add,178754,3,303055
add,164610,1,194061
add,163697,1,194705
add,303056,3,303057
add,163699,4,204675
add,164415,6,303058
add,165360,7,215666
add,273260,6,303059
add,163950,2,181093
add,65165,11,303060
add,166018,1,224968
add,166180,11,187737
add,30646,8,169727
add,303061,5,303062
add,164507,1,234489
add,303063,2,303064
add,171106,3,246743
add,163699,6,244746
add,257309,4,250216
add,163670,2,248288
add,247907,0,303065
add,303066,2,303067
add,164681,1,239153
add,178731,6,285980
add,175608,2,303067
add,303068,0,20418
add,251875,4,245319
add,163909,1,245442
add,225171,3,250194
add,163950,4,284914
add,12887,6,182944
add,170259,8,173832
add,172027,1,246812
add,273771,1,270086
add,164347,2,273984
add,303069,1,303070
add,167347,3,281078
add,303071,4,303072
add,165034,4,280634
add,166554,2,280667
add,170259,3,280579
add,21143,2,282073
add,181266,1,194061
add,163909,4,280558
add,193716,4,303073
add,177582,2,272408
add,31133,6,289999
add,164384,4,298242
add,22984,4,292779
add,98653,5,293324
add,295511,0,294143
add,303074,0,246743
add,303075,0,298899
add,167347,3,294143
add,23735,4,303076
add,303077,9,303078
add,303079,0,299181
add,28335,4,303080
add,303081,0,299260
add,303082,0,299761
add,165128,2,303083
add,164963,6,246812
add,21143,4,269062
add,167230,4,280558
add,303084,0,299375
add,181266,2,303085
add,303086,0,303087
add,26927,4,303088
add,303089,1,303090
add,303091,0,303092
add,44209,1,303093
add,303094,4,303095
add,303096,0,303097
add,303098,0,200747
add,303099,5,303100
add,244898,4,303076
add,303101,0,303102
add,303103,2,303104
add,303105,0,303106
add,303057,2,303107
add,303108,0,303109
add,115714,0,303110
add,14752,2,303111
add,303112,0,303113
add,27119,10,303114
add,73325,4,303115
add,303116,0,303117
add,303118,2,303119
add,303120,4,303121
add,303122,11,303123
add,303124,5,303125
add,303126,12,303127
add,303128,0,303129
add,303130,0,166075
add,303131,3,194785
add,303132,0,303133
add,303134,6,303135
add,303061,5,303136
add,303137,0,303138
add,303139,6,303140
add,25748,2,303141
add,303142,6,251747
add,303143,6,303144
add,303145,3,303146
add,165214,2,303147
add,303148,4,303149
add,303150,2,303151
add,303152,0,303153
add,30301,3,303154
add,303155,1,185458
add,303156,0,303157
add,303158,0,82616
add,303159,0,303160
add,59893,6,303161
add,303162,4,303163
add,303164,2,295979
add,28335,1,303165
add,303166,1,303167
add,303168,4,57266
add,303169,6,303170
add,303171,1,303172
add,303173,4,303174
add,303175,9,114147
add,303176,0,303177
add,303178,6,303179
add,270396,3,303055
add,303180,0,303181
add,303182,0,303183
add,303184,2,303185
add,303186,2,303187
add,241523,5,303188
add,303189,0,303190
add,303191,4,303192
add,303193,0,207553
add,303194,6,303195
add,303196,5,303197
add,303198,1,303199
add,303200,0,303201
add,303202,8,282817
add,303203,1,303204
add,94219,4,303205
add,303206,3,11589
add,303207,0,303208
add,29609,5,303209
add,179900,1,303210
add,303211,11,303212
add,303213,4,303214
add,303215,2,303216
add,303217,0,303218
add,303219,1,303220
add,303221,1,171997
add,303222,0,303223
add,303224,5,175144
add,303225,0,303226
add,303227,4,303228
add,303229,2,210999
add,303230,0,303231
add,303232,4,303233
add,97216,6,303234
add,175042,9,303235
add,303236,0,303237
add,303238,0,303239
add,200620,5,303240
add,303241,2,168704
add,303242,1,303243
add,303244,0,303245
add,303246,3,179352
add,303247,0,303248
add,207856,0,303249
add,303250,0,303251
add,303252,4,303253
add,6836,11,303254
add,303255,2,303256
add,303257,0,303258
add,303259,3,182435
add,57172,12,303260
add,192994,3,303261
add,303262,2,303263
add,303264,0,303265
add,303266,2,303267
add,303268,0,303269
add,303270,0,303271
add,303272,0,303273
add,31442,5,303274
add,303275,1,303276
add,303277,4,303278
add,47883,2,303279
add,303280,6,303281
add,303282,0,303283
add,166315,3,303284
add,164021,2,303285
add,303110,6,97622
add,303286,9,303287
add,303266,6,303267
add,164271,2,194705
add,303288,3,303289
add,166180,6,254414
add,41880,1,239153
add,303290,0,272819
add,221038,5,303132
add,303120,9,303291
add,94219,5,303205
add,25221,6,246812
add,164272,3,23206
add,165749,1,234489
add,303292,0,303293
add,303061,3,303294
add,303174,0,303295
add,165566,6,199492
add,303296,3,303157
add,164865,4,303072
add,303297,6,285980
add,303298,1,235088
add,303299,1,270086
add,167230,1,181947
add,37568,3,303284
add,303300,0,303117
add,303301,3,303302
add,163699,1,99424
add,187771,11,303212
add,178754,6,225439
add,303303,0,303304
add,303305,2,303104
add,303297,11,273032
add,164963,5,49308
add,163991,11,166613
add,220721,1,220944
add,170048,9,303306
add,303307,0,303181
add,303308,0,303146
add,37884,2,226536
add,229733,2,231459
add,92974,3,169585
add,170259,6,303309
add,303310,4,303192
add,167758,3,299545
add,163991,6,281302
add,303311,0,303312
add,46684,2,280667
add,177582,6,271725
add,164440,5,169315
add,164460,2,258671
add,168232,4,284744
add,303231,1,303313
add,163298,3,234885
add,164272,2,169764
add,177582,6,167305
add,61046,3,175596
add,303314,4,303315
add,303316,1,303317
add,164722,2,303318
add,303319,4,175935
add,46531,3,170587
add,66420,3,175862
add,164335,1,176025
add,66420,6,303058
add,303320,0,303146
add,303321,2,303318
add,989,9,303235
add,34194,5,303322
add,5136,5,293324
add,52197,1,235088
add,31133,1,273130
add,1224,1,272460
add,220740,3,254020
add,41194,11,181870
add,193253,1,234489
add,52197,6,225439
add,303301,2,303323
add,167293,4,182091
add,303066,6,303324
add,171219,1,181947
add,150407,1,224968
add,143285,1,273130
add,36735,5,272460
add,303181,7,303325
add,165749,8,266444
add,94219,3,303251
add,303241,4,303326
add,168232,3,247483
add,303327,0,303218
add,182076,9,181874
add,303328,0,303239
add,166180,6,196648
add,169315,2,177399
add,173341,11,168887
add,61046,5,163922
add,165214,4,303329
add,32669,7,194073
add,303097,5,174057
add,177582,6,163398
add,165034,6,225476
add,13477,3,303330
add,303331,0,303120
add,303332,4,303228
add,303333,2,220435
add,35379,1,279487
add,303234,0,303334
add,303335,0,303057
add,303336,1,303337
add,164460,2,303318
add,303338,10,303114
add,164963,2,164835
add,303339,0,303157
add,190542,2,303318
add,166554,2,303329
add,164982,6,303058
add,197626,6,169762
add,177582,4,64539
add,164415,1,292917
add,303340,3,171612
add,303120,5,100419
add,248313,6,303341
add,303342,0,303343
add,64434,2,303147
add,303344,0,288097
add,92080,3,169585
add,303345,1,303346
add,164963,5,193555
add,166180,1,177843
add,166018,3,303312
add,220435,0,303347
add,220435,0,299627
add,303348,0,299172
add,160450,0,303146
add,303349,0,303157
add,218317,6,267464
add,168232,4,250216
add,67098,9,210381
add,30567,3,250194
add,72304,1,273130
add,303350,0,303231
add,303351,6,303352
add,303353,8,303354
add,303355,2,104679
add,116967,5,303356
add,303357,5,303358
add,170543,6,303359
add,303360,0,303293
add,181882,6,303361
add,303362,5,303070
add,303363,2,303364
add,168232,2,199492
add,106345,4,303365
add,303366,11,303367
add,242810,0,294143
add,166902,2,303318
add,303301,5,303368
add,303369,1,303370
add,303371,0,98503
add,303372,5,303373
add,303374,1,264753
add,303375,1,184401
add,303376,9,303377
add,303378,2,177477
add,303379,5,303380
add,303381,4,303382
add,61845,3,267051
add,303383,0,303343
add,43955,6,303361
add,303384,1,303385
add,269317,5,303386
add,303387,0,303388
add,28929,2,303389
add,303390,3,303391
add,303392,0,303393
add,177582,8,173832
add,303394,5,303395
add,303396,1,303397
add,303398,0,303366
add,303399,6,303400
add,303401,3,303402
add,303403,0,303404
add,303405,0,303312
add,303406,1,221833
add,9694,2,303407
add,303408,0,303345
add,303409,0,65060
add,303293,6,303410
add,303382,0,303411
add,164272,2,94264
add,303412,5,303329
add,303413,1,273130
add,303275,11,303414
add,41194,5,16520
add,303415,6,225476
add,168980,6,225476
add,303416,3,303417
add,303418,0,303157
add,164372,3,303312
add,212963,6,225439
add,303419,5,303188
add,165599,2,247876
add,166180,4,210276
add,303420,4,245319
add,303421,1,176025
add,164021,4,169783
add,98653,1,239153
add,303146,1,303422
add,303423,11,303424
add,164271,7,215666
add,303425,4,303426
add,163995,2,282073
add,303057,2,303427
add,176223,9,248288
add,26927,6,303428
add,24379,5,303274
add,303429,0,303231
add,177582,3,303430
add,303431,1,303093
add,98653,6,280667
add,271328,4,269062
add,53648,2,303067
add,303432,2,303147
add,28136,5,169315
add,303433,8,303407
add,179396,6,285980
add,171370,11,168887
add,303434,3,303293
add,303181,8,303435
add,163991,4,84574
add,168232,3,20283
add,37884,1,194061
add,303436,6,303161
add,163659,3,303312
add,303437,4,182029
add,303438,0,303439
add,303440,0,303245
add,303441,6,303341
add,164460,1,303309
add,303442,3,303087
add,108627,2,298200
add,167347,2,95363
add,164335,4,182091
add,25748,2,194705
add,167758,3,303443
add,303444,0,303181
add,98653,8,217800
add,164963,3,174444
add,303445,1,303054
add,12920,1,234364
add,174603,4,303329
add,166180,1,171595
add,237463,3,303206
add,303446,0,303284
add,169118,3,170587
add,267464,0,303447
add,303448,3,303087
add,164770,3,168743
add,303449,3,303057
add,244898,6,280667
add,164460,1,86318
add,247907,0,303450
add,164272,2,249587
add,303451,3,303087
add,164267,6,267464
add,303452,1,282389
add,5136,2,225439
add,164963,8,163398
add,98503,1,303397
add,165566,1,181947
add,72718,3,303154
add,163991,2,175151
add,303453,1,303454
add,303455,0,303157
add,303456,3,170587
add,303457,4,175935
add,167758,2,303458
add,303459,5,190800
add,168232,6,303309
add,303460,3,303087
add,150407,4,175935
add,165153,1,182099
add,303120,2,303461
add,303462,9,303078
add,303463,1,234612
add,165749,6,166292
add,175631,4,303073
add,164021,6,280667
add,303464,1,220435
add,303465,0,303218
add,237554,6,289999
add,167533,6,225476
add,171370,3,254020
add,303459,5,167841
add,303466,2,303111
add,303213,4,303467
add,164484,3,299669
add,164770,6,203842
add,303468,4,303469
add,303470,6,225476
add,166067,1,270086
add,165749,5,170045
add,26866,1,292917
add,237554,4,303076
add,170259,3,14747
add,166180,8,300619
add,238587,3,254020
add,193253,4,277506
add,138864,1,303054
add,52197,2,199492
add,168232,1,215101
add,14454,12,303260
add,284821,6,267464
add,303278,0,249793
add,165128,1,270086
add,31442,5,303329
add,163670,6,303361
add,192450,3,303261
add,303471,2,303119
add,163699,11,168887
add,23735,3,280579
add,166018,8,217800
add,303221,2,169589
add,303472,1,273130
add,164486,1,247907
add,303473,0,303239
add,215473,1,239153
add,168232,1,71821
add,303474,6,303341
add,164502,5,303329
add,303475,0,303102
add,303476,4,250216
add,271205,1,247245
add,270396,6,270086
add,164963,6,24706
add,57251,5,272460
add,12920,3,272819
add,236142,2,303161
add,41194,3,65684
add,303477,12,303127
add,167758,4,219708
add,303283,12,303478
add,52197,2,247876
add,191999,6,225476
add,165790,8,169727
add,163991,3,24582
add,189412,6,248288
add,303479,5,291085
add,166180,6,246812
add,303480,0,303138
add,303481,1,220435
add,164770,2,177173
add,29609,2,303482
add,188329,1,187753
add,303483,0,303284
add,192838,4,303073
add,303484,0,303417
add,303485,5,245319
add,303486,1,176025
add,106228,4,292779
add,163950,3,108597
add,303487,5,303386
add,272733,4,273347
add,163991,11,167753
add,303488,6,303064
add,303489,4,281451
add,13939,1,303093
add,303490,3,303491
add,303223,7,303492
add,61046,5,74419
add,303493,1,303093
add,303494,0,303117
add,303495,0,294143
add,303496,1,303497
add,41194,2,177428
add,303498,1,303397
add,164770,4,182091
add,303301,5,303499
add,61046,2,254127
add,303500,0,303266
add,303501,5,169315
add,303502,4,245319
add,303503,2,303395
add,38425,3,170587
add,303504,0,303153
add,303505,0,303223
add,303506,0,303223
add,303507,3,170587
add,303508,4,303281
add,280579,2,303509
add,113029,6,225476
add,303510,4,303073
add,164460,6,258671
add,170259,9,39309
add,181266,6,182944
add,303511,4,250216
add,303223,1,303512
add,303513,6,303144
add,163353,7,303058
add,163991,4,251382
add,24488,4,235435
add,106228,2,226536
add,303514,1,220435
add,52197,1,234364
add,303515,1,220944
add,234612,0,236022
add,11663,4,175935
add,61046,2,15725
add,169585,2,303516
add,114449,4,182029
add,15226,1,220944
add,303517,0,303223
add,165214,1,194705
add,303518,4,182029
add,303131,5,303519
add,303520,1,220435
add,167347,1,210637
add,25360,5,303195
add,163838,3,65036
add,73936,3,170587
add,7537,5,234364
add,165749,2,77598
add,303521,9,303287
add,303240,0,172318
add,286446,4,269062
add,167758,2,245587
add,167230,6,285980
add,165066,3,303261
add,164674,9,210381
add,303399,4,303522
add,164272,3,303055
add,239256,1,239153
add,303523,9,303078
add,276452,3,170587
add,11573,6,225439
add,163950,1,51065
add,164634,2,226536
add,167758,6,245991
add,41194,3,188848
add,290567,11,273032
add,303524,1,239153
add,12209,9,273984
add,292556,3,170587
add,215473,6,303274
add,303525,3,303526
add,41194,4,299893
add,303527,0,303283
add,303528,5,303205
add,303529,1,303397
add,303530,0,303206
add,303131,1,303531
add,303066,3,267139
add,303301,4,303532
add,164460,5,167988
add,175608,3,303261
add,181266,5,303329
add,303533,4,245319
add,303534,1,303371
add,165749,5,84861
add,303535,8,303536
add,41194,3,174461
add,303537,1,239153
add,243800,1,220944
add,291368,4,269062
add,303538,3,303057
add,164021,4,267876
add,303539,5,303540
add,192838,6,225439
add,303541,2,75810
add,84296,3,303261
add,193253,6,267464
add,163699,1,253036
add,165284,4,280558
add,163950,3,181969
add,200620,5,303542
add,90296,3,169585
add,164460,2,37062
add,303543,1,273130
add,303544,0,303150
add,303545,0,303546
add,303547,1,303397
add,165432,4,231572
add,66420,7,225439
add,303548,1,303549
add,215486,6,194705
add,303550,3,303239
add,164484,6,292854
add,25360,6,163681
add,303551,5,303188
add,303552,9,303287
add,164440,4,175935
add,164484,6,199492
add,303553,4,303469
add,164963,3,69830
add,303554,1,303454
add,170513,6,267464
add,12209,6,292917
add,164024,1,303555
add,116679,3,175862
add,16653,2,298200
add,303132,0,303556
add,177582,5,10
add,303557,1,234364
add,95005,4,175935
add,164449,2,231459
add,543,4,245319
add,303558,5,303454
add,163699,6,202712
add,164544,6,225439
add,101046,1,182944
add,12920,4,231572
add,168232,3,54075
add,303559,3,303087
add,303560,0,303153
add,303561,2,303104
add,303562,0,303563
add,233800,4,269062
add,303564,0,303283
add,142271,2,298200
add,303565,3,303087
add,171106,12,285980
add,164770,4,210478
add,271328,11,273032
add,163699,6,182193
add,239858,1,303054
add,303566,3,303087
add,237781,6,270086
add,163699,4,70013
add,164963,3,181729
add,164770,4,174016
add,303567,0,303546
add,303568,2,303364
add,303569,0,303206
add,163950,2,11760
add,165432,6,199492
add,303570,1,273130
add,271945,6,225439
add,12887,4,169783
add,168479,2,303147
add,303571,0,303273
add,303572,0,254020
add,164484,2,23408
add,22984,4,275028
add,165181,3,254020
add,303196,5,178964
add,164272,2,284822
add,303283,3,303573
add,165933,6,163681
add,164484,3,170063
add,24759,3,175862
add,8957,1,239153
add,165432,3,267051
add,165790,4,245319
add,29719,1,295235
add,61046,9,175383
add,237554,1,182099
add,173190,2,303279
add,164272,2,175936
add,75384,3,234885
add,163950,3,60786
add,164605,1,220832
add,180024,6,303195
add,303574,0,303312
add,303575,6,303341
add,199224,2,303067
add,303576,4,175935
add,164369,4,245319
add,220204,4,182091
add,209689,6,285980
add,163904,6,248288
add,25748,4,182091
add,163838,1,1389
add,163358,3,303055
add,303577,1,303170
add,303578,5,303188
add,182076,6,267464
add,165432,3,303055
add,165749,2,166243
add,303579,0,303092
add,41194,11,187737
add,163838,11,153494
add,303580,11,273032
add,163699,3,64608
add,303581,0,303146
add,165432,1,270086
add,303582,0,303402
add,303583,4,303163
add,303584,4,303228
add,303470,6,267464
add,25748,5,303209
add,51802,9,303287
add,61046,4,224997
add,177582,1,270086
add,303585,4,303281
add,164271,3,303586
add,163950,1,219039
add,210978,4,291085
add,168232,5,179240
add,303587,1,220435
add,303588,1,303397
add,33354,6,303234
add,303227,2,303589
add,303590,2,201853
add,303591,5,303228
add,303592,0,303198
add,164271,6,163681
add,163895,1,181947
add,165100,9,303078
add,163838,3,3381
add,303388,1,303593
add,303232,2,303594
add,303595,2,303454
add,303596,6,303341
add,303597,6,303281
add,67098,3,280579
add,303598,8,303354
add,303287,0,303599
add,303600,6,293488
add,116621,6,303179
add,303601,1,303054
add,303602,1,303603
add,303604,1,303370
add,303600,4,303605
add,41194,3,170544
add,298085,3,303146
add,303406,7,303606
add,164963,3,30150
add,188298,1,247907
add,75384,2,298200
add,303607,0,303283
add,303608,12,303127
add,303609,1,198572
add,164305,1,235088
add,164460,2,180084
add,24488,2,248288
add,53634,5,169315
add,303610,2,16520
add,205753,1,234612
add,303611,9,303287
add,303612,6,303064
add,303168,4,1492
add,163838,6,203842
add,303613,6,303234
add,303614,9,303235
add,164460,3,176859
add,303615,3,303087
add,303616,6,173645
add,303153,4,303152
add,303617,0,303618
add,246895,11,273032
add,303619,1,303054
add,38830,5,303356
add,6503,2,298200
add,303329,1,303620
add,303621,0,303535
add,303289,2,303622
add,163353,6,169762
add,61046,4,16758
add,303301,6,269895
add,28899,6,225439
add,210026,3,254020
add,303623,1,303624
add,35379,2,289999
add,61046,2,285035
add,303625,1,273130
add,114308,1,303070
add,41194,3,167991
add,46684,1,194705
add,171370,4,303088
add,303626,5,303627
add,303628,5,272460
add,101046,2,247876
add,164982,1,279487
add,303459,11,220300
add,191999,12,285980
add,303629,6,292917
add,163746,1,181947
add,164678,1,247907
add,164272,4,178139
add,165004,4,231572
add,163697,9,210381
add,303223,1,303630
add,67098,8,217800
add,165749,2,146255
add,190542,5,303329
add,303631,2,303281
add,165066,1,182944
add,303632,3,303087
add,165749,3,99006
add,303633,0,303289
add,303343,6,259287
add,174405,3,303146
add,164460,9,277339
add,295235,0,143285
add,303634,6,303064
add,177582,2,300173
add,303635,1,239153
add,303636,1,273130
add,61046,2,303318
add,210644,11,273032
add,267386,6,169762
add,303637,2,226536
add,303548,1,303638
add,41194,6,267464
add,303206,6,303639
add,167758,2,94368
add,303640,5,303381
add,217370,5,303386
add,303641,1,220435
add,303642,0,303097
add,167846,2,303318
add,61046,11,172913
add,303643,0,303153
add,166180,8,199315
add,303644,3,170587
add,303645,6,303274
add,165749,6,281302
add,163991,1,110399
add,193253,2,303147
add,303646,4,303426
add,303647,2,303648
add,23735,2,225439
add,164963,3,12327
add,223694,4,175935
add,163699,4,245560
add,164272,1,292917
add,164963,6,163827
add,303649,0,303190
add,303650,4,245319
add,303171,2,255005
add,303651,4,245319
add,167347,3,164689
add,165749,4,228451
add,303652,0,303366
add,29609,5,293324
add,303653,3,303206
add,201217,1,220944
add,303654,0,303655
add,303656,0,303563
add,303535,1,303657
add,303658,0,303258
add,303659,2,303660
add,188865,1,239153
add,166018,4,277506
add,303661,3,303394
add,163991,2,175936
add,53926,6,303361
add,165749,6,86939
add,303459,3,11407
add,187736,3,246743
add,303662,2,303663
add,166018,1,234612
add,164460,3,170544
add,183043,5,303329
add,303664,0,303206
add,167758,2,303665
add,303666,4,303149
add,61046,4,299573
add,303667,11,273032
add,292905,1,295235
add,303668,0,303312
add,163298,9,181874
add,197626,1,246812
add,303669,6,219517
add,227029,2,226536
add,303223,1,303670
add,164460,3,247837
add,269260,4,303228
add,303671,1,303317
add,13477,9,210381
add,1224,1,224968
add,303255,6,303672
add,181266,4,292779
add,303673,4,303072
add,168232,3,166789
add,29536,6,285980
add,303146,11,261087
add,278147,12,303127
add,303284,2,303674
add,303675,10,303590
add,303676,5,303368
add,303677,6,303371
add,303678,0,303283
add,303679,0,303417
add,303301,8,303680
add,303681,0,194026
add,165749,5,166044
add,170259,1,245442
add,303682,0,303146
add,303683,1,239153
add,303684,5,169315
add,165749,11,288480
add,303163,0,303583
add,30301,1,194061
add,303685,4,250216
add,303686,6,229991
add,163895,6,267464
add,177582,3,14747
add,180153,6,285980
add,97216,6,280667
add,303687,6,303341
add,303688,5,169315
add,48920,1,292917
add,303689,9,303690
add,303654,0,303691
add,163904,4,303329
add,167758,4,244719
add,67098,3,272819
add,163991,3,6922
add,303692,4,227023
add,303693,8,115295
add,303694,1,299354
add,303695,4,303152
add,303610,2,65500
add,303696,4,245319
add,74597,6,280667
add,303697,0,303698
add,303206,7,303699
add,303700,0,202917
add,53926,3,303586
add,165181,2,247876
add,303701,0,303689
add,228205,2,303318
add,190896,11,273032
add,246549,1,303317
add,303702,4,182029
add,163353,2,248288
add,303703,5,303704
add,303705,2,303281
add,303706,8,262872
add,303707,0,303708
add,303709,2,303710
add,231096,3,170587
add,168931,3,170587
add,242418,6,303711
add,303712,6,303341
add,303713,11,303714
add,303715,2,303318
add,163298,2,245678
add,261680,6,248288
add,164963,2,303067
add,303716,0,303717
add,165826,3,272819
add,303718,5,303386
add,303719,6,267464
add,187806,4,303076
add,303720,0,303417
add,303721,0,303722
add,303131,9,303723
add,166085,3,170587
add,303724,0,198718
add,303246,2,255005
add,303600,3,193545
add,303725,0,27736
add,165442,1,239153
add,98653,3,303289
add,166180,2,272408
add,303726,0,303546
add,303727,8,303728
add,303729,11,173616
add,232614,11,273032
add,303730,4,280334
add,47883,1,303220
add,303731,0,303732
add,303733,0,303734
add,303735,0,303366
add,97216,5,303358
add,303736,4,273347
add,303737,3,303087
add,303738,3,303087
add,303375,2,303739
add,303366,2,303660
add,303206,9,303530
add,163838,2,95363
add,303740,5,303132
add,212963,1,247245
add,165181,1,224968
add,51938,6,289999
add,303741,1,245442
add,303742,9,303743
add,164484,6,105808
add,303744,1,303590
add,303616,1,183731
add,303745,0,303239
add,303746,0,303231
add,67098,1,303054
add,99014,6,225439
add,41194,3,6074
add,167347,9,303747
add,52569,3,303366
add,3790,5,303132
add,106228,6,303361
add,101046,2,245678
add,211616,12,285980
add,87738,4,235435
add,303748,4,303214
add,237781,6,280667
add,303749,0,303283
add,303227,1,303750
add,194497,1,246812
add,303539,2,303751
add,163950,4,228193
add,303752,0,303698
add,303753,1,182944
add,303754,3,246743
add,101566,1,246812
add,12209,3,272819
add,101566,3,303586
add,303755,3,170587
add,303239,1,303756
add,210026,1,181947
add,303757,3,303157
add,170259,6,303758
add,64434,9,303287
add,163838,4,203365
add,84296,6,169762
add,15226,4,303329
add,303759,2,303318
add,303760,4,182029
add,26866,4,280634
add,164460,3,108597
add,303761,2,303364
add,29609,3,175862
add,163991,3,59821
add,303762,4,303214
add,303763,9,303287
add,303764,6,303341
add,28570,2,303216
add,197626,2,303147
add,163950,2,175943
add,172970,6,303058
add,303765,1,303397
add,303766,4,303281
add,303216,0,303767
add,164272,11,202074
add,303768,11,266841
add,303769,1,303371
add,303770,9,303078
add,72304,1,181947
add,303771,5,169315
add,303241,6,206468
add,167347,6,168507
add,171370,6,285980
add,303772,11,303424
add,303242,6,303773
add,303491,2,303059
add,225439,0,303774
add,164272,1,186085
add,303775,9,303078
add,303776,0,303293
add,170259,1,163340
add,303777,0,303208
add,174603,4,277506
add,83863,12,303260
add,62071,11,266841
add,163950,2,246117
add,303778,4,303426
add,226163,3,303647
add,303779,9,303306
add,303780,0,303563
add,303781,1,297749
add,303782,0,303783
add,221704,0,303496
add,303784,0,303742
add,303785,3,303314
add,303786,9,303663
add,303787,7,303788
add,303789,1,303790
add,164507,6,303428
add,303791,0,303231
add,169285,1,239153
add,303301,1,303792
add,244949,3,170587
add,61046,3,247384
add,303793,3,303087
add,303794,0,303231
add,303795,1,303454
add,41194,5,34431
add,170259,3,53610
add,303796,1,247245
add,303797,5,169315
add,273347,0,169359
add,163358,2,245678
add,164770,4,69027
add,303289,6,303798
add,89116,5,303274
add,303799,0,303800
add,303801,0,303802
add,303803,2,303617
add,303804,6,303083
add,303805,1,273130
add,303525,5,239400
add,303806,0,303218
add,303807,6,225476
add,303459,5,168356
add,164272,1,180118
add,164484,1,10944
add,303808,1,303054
add,303459,5,303809
add,163950,2,299356
add,280579,2,303810
add,41549,3,169585
add,303811,3,303087
add,303812,1,303317
add,163909,1,303555
add,303813,0,303218
add,166067,2,298200
add,61046,5,176014
add,303223,12,303814
add,303815,2,303482
add,57376,1,303054
add,97216,6,303361
add,303066,1,303816
add,303206,6,303817
add,164460,1,1389
add,303818,1,303555
add,245228,1,182944
add,303819,0,303404
add,303820,0,303157
add,101046,1,239153
add,303821,0,303289
add,303822,0,303283
add,303823,5,303086
add,303459,5,303824
add,303825,0,303206
add,164484,6,1869
add,167347,3,163661
add,303826,0,303223
add,29719,2,303285
add,291441,1,234364
add,26866,1,295235
add,181266,3,294143
add,303827,1,234364
add,164963,3,177287
add,163699,2,72182
add,303828,2,303067
add,303829,0,303239
add,263427,11,273032
add,303301,9,303830
add,164272,1,31347
add,202494,1,303317
add,303600,5,303831
add,303832,3,303087
add,303833,0,303293
add,303834,2,303072
add,273384,1,303317
add,303146,6,223274
add,303301,4,303835
add,217370,6,285980
add,235998,5,303318
add,303836,0,272819
add,228342,3,303312
add,61046,4,215143
add,164770,11,163915
add,218462,2,303067
add,163838,9,168016
add,303837,6,303281
add,303838,0,303194
add,303839,6,303710
add,167758,2,303840
add,303841,11,303090
add,167347,3,167991
add,37568,4,303205
add,243189,1,247245
add,303842,1,303555
add,303194,5,303843
add,303844,0,303273
add,21143,4,250216
add,303845,2,303111
add,84296,4,245319
add,177521,1,239153
add,177582,3,185761
add,303066,8,280950
add,164770,6,292917
add,80973,6,169762
add,66420,6,285980
add,165459,4,182091
add,303846,6,303341
add,165818,1,235088
add,168232,3,167421
add,167347,4,228451
add,303847,0,303206
add,163699,6,167373
add,167347,6,191067
add,165603,3,303586
add,248648,1,303054
add,177698,3,303261
add,164963,1,194705
add,303848,6,225476
add,303849,5,166988
add,163699,3,82723
add,61046,1,273130
add,15226,3,250194
add,163838,1,303850
add,61046,5,178920
add,41194,8,243760
add,165153,3,267051
add,16713,0,303366
add,177582,9,303851
add,163659,6,225439
add,177582,7,273405
add,163991,3,51679
add,74597,3,267051
add,303301,2,303852
add,303853,0,303146
add,303289,1,303854
add,303855,6,225476
add,51938,4,291085
add,303856,5,169315
add,295940,1,273130
add,163950,1,238531
add,25360,2,226536
add,209945,1,303317
add,168479,4,303072
add,207199,1,303093
add,303497,0,303496
add,41194,3,299231
add,303229,5,303857
add,303686,1,303858
add,1224,5,234364
add,303859,12,303260
add,163991,3,248337
add,164272,6,303758
add,15226,3,280579
add,168232,5,229712
add,303246,4,303860
add,207435,1,182944
add,164347,1,220944
add,167347,5,176014
add,214919,6,289999
add,164486,3,272819
add,38784,1,182099
add,303663,0,5782
add,12209,3,294143
add,165603,1,295235
add,303861,0,303283
add,303862,5,303368
add,29609,4,292779
add,303863,4,303214
add,168232,6,215649
add,12920,3,303055
add,127959,5,169315
add,164722,4,277506
add,168232,5,153457
add,303864,3,303092
add,303142,3,303865
add,179385,1,303317
add,164305,3,246743
add,303866,0,170587
add,177521,6,225476
add,167347,6,215649
add,164678,2,303318
add,166018,1,247245
add,163991,11,168887
add,303867,0,176358
add,164770,2,217362
add,303868,0,303239
add,163699,2,179636
add,303078,0,303869
add,303870,1,303397
add,32669,3,303284
add,187590,6,285980
add,211094,12,285980
add,303729,5,167652
add,17714,4,298242
add,303871,5,303710
add,164963,4,175949
add,303206,1,303872
add,163699,9,164448
add,70764,4,298242
add,303873,4,303152
add,303874,1,303397
add,164982,4,303088
add,303875,1,303091
add,25748,1,282389
add,303876,6,303341
add,164681,1,176025
add,164610,9,210381
add,77135,3,303312
add,303877,4,303192
add,53329,4,291085
add,267464,0,303878
add,164722,2,280667
add,246488,2,226536
add,243189,11,273032
add,303879,3,303312
add,164963,6,270086
add,303539,3,166808
add,303880,1,273130
add,164272,4,269062
add,197691,2,303067
add,167758,7,270847
add,166067,5,303329
add,303881,2,169315
add,303882,6,303341
add,77135,6,285980
add,164634,6,292917
add,243617,1,303317
add,190474,4,303073
add,303883,3,170587
add,61046,3,165144
add,303884,4,291085
add,303885,0,303239
add,164770,5,163922
add,167720,1,181947
add,29719,1,194061
add,25360,2,194705
add,303229,3,258790
add,163950,3,267157
add,163950,1,251618
add,303886,0,303289
add,270677,6,267464
add,163950,2,247876
add,167758,1,86318
add,212963,9,248288
add,53926,4,267876
add,233800,6,267464
add,164634,9,181874
add,31133,2,247876
add,165818,9,210381
add,303887,0,303312
add,303888,4,303228
add,206035,5,303341
add,164484,3,166938
add,98653,2,303329
add,167230,6,292917
add,129816,3,303251
add,165599,2,245678
add,251390,9,303078
add,37568,3,303206
add,303889,1,220435
add,168232,2,303067
add,303890,1,220944
add,114308,11,168887
add,165749,4,179425
add,37884,2,303279
add,303891,6,303285
add,303892,0,272819
add,167758,3,173545
add,163838,1,163340
add,167758,4,246098
add,164770,3,34873
add,163838,2,215649
add,163838,11,288480
add,171370,6,280667
add,303893,11,303714
add,167347,3,216476
add,64434,1,194705
add,303894,0,303669
add,84573,5,272460
add,61046,6,299157
add,25221,2,303318
add,177582,3,299545
add,303206,9,303895
add,303896,1,303555
add,290731,6,285980
add,226316,1,303555
add,303897,1,247245
add,164963,1,22657
add,303898,0,303146
add,89684,1,303093
add,231025,1,303093
add,303899,4,245319
add,303900,0,303439
add,53926,6,292917
add,303901,6,199492
add,72304,6,303361
add,303122,8,57984
add,167758,1,182162
add,173341,5,303274
add,61845,4,175935
add,53329,1,220944
add,164449,4,245319
add,163397,1,182099
add,303902,0,303404
add,303903,2,282073
add,182074,1,239153
add,303904,1,245442
add,303066,3,303905
add,303539,2,303906
add,164460,1,177843
add,303907,0,303239
add,303908,0,303117
add,303909,4,303214
add,167347,7,175798
add,303910,1,182944
add,303146,4,303911
add,170259,6,299444
add,184450,11,303912
add,303228,0,303913
add,303459,3,168247
add,171127,6,303064
add,164963,3,164572
add,303459,5,303914
add,164305,4,281451
add,200620,2,166479
add,303609,1,205724
add,303103,2,303915
add,303916,0,303732
add,8482,4,303152
add,164484,6,191067
add,165749,4,281204
add,303459,5,303917
add,30301,1,295235
add,164484,1,164045
add,303918,0,303393
add,303919,0,303190
add,164888,5,303274
add,303609,2,167061
add,303920,4,303228
add,303921,1,187753
add,163991,3,14987
add,303301,2,181155
add,167758,4,270051
add,163991,9,303747
add,303849,5,303922
add,303923,1,234489
add,164610,3,303312
add,303924,9,303078
add,191268,1,239153
add,43955,2,245678
add,164544,6,303428
add,303925,1,303407
add,61046,6,191067
add,303926,5,303093
add,303379,5,303927
add,165818,3,246743
add,303928,1,303397
add,37765,3,303312
add,303929,1,303054
add,166180,6,284972
add,303828,6,225476
add,266854,4,245319
add,303066,3,253801
add,165034,3,267051
add,303539,5,78104
add,97730,2,303111
add,303930,4,303228
add,170259,1,303850
add,303061,5,303931
add,303459,5,303932
add,303933,4,245319
add,41194,2,176447
add,303539,5,303934
add,8957,8,217800
add,303935,4,303281
add,163950,2,146255
add,13477,4,280558
add,303936,4,303365
add,163909,1,282389
add,303937,6,303144
add,142271,5,303274
add,163950,5,69665
add,303938,4,275028
add,164963,3,84388
add,270418,4,303076
add,94219,2,303318
add,227029,1,245442
add,165749,5,24602
add,303208,1,303777
add,248883,1,239153
add,303213,4,303939
add,78565,2,303111
add,167758,3,165144
add,165999,3,303312
add,164484,2,27303
add,164272,3,53126
add,303940,0,303535
add,61318,1,303093
add,288178,2,298200
add,47728,5,303358
add,303941,6,285980
add,165442,3,267051
add,193253,4,182029
add,190526,11,273032
add,164770,2,245678
add,256885,9,303235
add,41194,2,284979
add,303942,0,272819
add,303943,4,303076
add,163904,4,267876
add,303944,2,303710
add,164271,2,303067
add,303945,2,303946
add,303947,2,303096
add,168479,1,194061
add,25221,6,289999
add,303948,1,273130
add,303066,6,177465
add,167138,6,225476
add,41194,2,231459
add,303949,1,239153
add,164460,3,303206
add,303950,9,303078
add,163822,1,246812
add,25748,3,303154
add,197606,1,182944
add,170259,3,299476
add,303951,0,303181
add,206035,6,225476
add,303952,4,245319
add,166315,1,194061
add,303953,0,303283
add,283223,4,303228
add,303954,0,294143
add,237554,2,226536
add,177582,1,110399
add,165432,6,303428
add,303283,2,303955
add,303956,4,303214
add,166180,6,135946
add,164544,6,246812
add,169208,5,169315
add,225124,6,225476
add,167758,2,166383
add,303366,2,303957
add,166067,3,303055
add,303958,9,303287
add,303855,1,220944
add,166354,2,247876
add,303959,4,250216
add,22984,3,280579
add,37348,3,170587
add,8957,3,303055
add,170259,3,167991
add,166180,6,180417
add,303960,4,303214
add,303961,1,303397
add,61046,2,245678
add,32669,4,273347
add,227029,4,280558
add,163991,3,193902
add,163838,6,303309
add,202846,4,303073
add,177582,2,163321
add,163950,6,292332
add,303206,7,303962
add,303963,0,303283
add,164272,5,84861
add,165749,6,58419
add,165749,2,171013
add,237554,4,303073
add,98653,4,303088
add,166554,1,224968
add,303964,0,303786
add,164963,2,169761
add,164770,1,164045
add,303965,1,303220
add,303966,1,303093
add,303967,0,303117
add,168232,6,174383
add,161049,3,303312
add,178308,4,182029
add,303241,1,303968
add,64434,2,225439
add,254250,4,250216
add,61046,3,8823
add,303969,4,303281
add,303970,9,303287
add,303971,9,303287
add,271254,1,239153
add,48920,2,303067
add,84296,11,273032
add,303590,1,303972
add,303973,6,303144
add,303729,9,303287
add,53926,6,182944
add,303974,6,303341
add,303975,9,303287
add,303206,1,303976
add,303439,6,303977
add,303417,1,303978
add,303979,2,303318
add,164440,3,303312
add,164460,9,39309
add,163950,2,161651
add,303980,1,247245
add,303981,9,273984
add,163838,2,21296
add,303982,1,220944
add,175248,2,303279
add,28335,3,303154
add,41194,2,298941
add,4011,8,169727
add,215460,6,285980
add,303983,11,303212
add,303206,6,236066
add,303984,0,303190
add,303985,3,303087
add,164963,3,10941
add,303986,1,245442
add,222810,1,303172
add,183060,1,303317
add,164440,5,303368
add,303987,5,303329
add,303289,4,303988
add,164415,1,182099
add,303989,1,234364
add,303990,4,250216
add,84296,4,303088
add,303991,1,303054
add,74597,2,303318
add,203828,0,303289
add,29515,5,303205
add,303301,6,303992
add,178826,2,303067
add,303993,11,303714
add,12887,2,226536
add,168232,3,120215
add,237629,1,247245
add,166554,1,279487
add,75384,5,303209
add,303994,3,303087
add,167758,1,292817
add,167758,4,245024
add,106345,2,298200
add,64434,4,169783
add,177582,2,166383
add,166882,4,175935
add,200620,9,176438
add,202121,2,303318
add,303995,2,303111
add,37884,5,303322
add,303227,3,170027
add,212941,11,273032
add,303066,4,303996
add,165942,1,234489
add,205753,1,303220
add,170259,4,204455
add,303997,0,303208
add,303407,0,303998
add,175631,4,269062
add,303999,3,303251
add,304000,0,303239
add,163838,3,247483
add,25748,4,269062
add,303171,2,304001
add,304002,4,303073
add,164335,6,270086
add,304003,0,303231
add,165442,4,235435
add,304004,4,303149
add,65165,2,282073
add,188093,6,225439
add,304005,6,303341
add,168232,5,60275
add,167347,2,278463
add,164460,1,186085
add,174514,3,170587
add,182595,4,267876
add,303209,2,199362
add,163991,3,202736
add,304006,0,303293
add,304007,0,303190
add,66420,2,289999
add,53926,1,303317
add,164183,6,225439
add,177582,6,244976
add,304008,0,303258
add,163991,9,249587
add,303229,5,304009
add,304010,0,303138
add,101046,1,247245
add,304011,1,303397
add,304012,0,304013
add,301974,1,245442
add,304014,1,239153
add,64434,6,292917
add,303275,4,304015
add,41194,1,224968
add,165999,1,220832
add,304016,9,303078
add,304017,9,273984
add,165749,1,17156
add,183361,6,225439
add,166180,9,284753
add,304018,3,303366
add,304019,9,303078
add,46684,4,281451
add,11573,3,303206
add,290111,11,273032
add,304020,1,220832
add,304021,3,303289
add,243008,1,239153
add,164460,2,187915
add,41194,3,104433
add,304022,4,303799
add,244898,1,247245
add,163699,4,258514
add,164963,4,251382
add,61046,9,288060
add,303086,0,304023
add,164271,1,239153
add,303301,10,139830
add,303671,3,303312
add,168232,4,270323
add,87738,8,217800
add,304024,1,220944
add,52741,5,169315
add,255847,1,239153
add,182076,3,267051
add,278647,5,303132
add,304025,0,303237
add,303539,2,304026
add,304027,3,303087
add,304028,9,303078
add,166180,1,304029
add,163699,4,304030
add,166180,6,299348
add,37884,5,291085
add,192450,6,225476
add,163699,2,183421
add,304031,1,303397
add,245371,4,269062
add,247320,5,169315
add,26866,6,248288
add,25748,2,231459
add,303539,1,304032
add,166180,4,255406
add,164484,3,303206
add,209970,6,169762
add,304033,0,303283
add,276524,1,303317
add,197626,1,303317
add,304034,11,303424
add,304035,1,303454
add,166180,3,88155
add,238587,1,182944
add,164484,6,280667
add,163909,11,168887
add,304036,0,303312
add,304037,2,303267
add,177582,4,281500
add,303849,3,304038
add,250867,8,217800
add,163838,3,7374
add,15226,1,181947
add,304039,1,182944
add,304040,3,303087
add,304041,1,234364
add,304042,1,303555
add,304043,0,303586
add,165661,1,273130
add,304044,2,303096
add,246743,9,4545
add,164963,3,299476
add,304045,6,303144
add,271435,2,298200
add,40334,1,220944
add,177582,9,304046
add,303170,0,281499
add,164272,2,40761
add,304047,4,303389
add,303113,1,304048
add,304049,3,303251
add,290536,4,303389
add,167347,2,254127
add,179900,3,175862
add,304050,0,303251
add,304051,2,303270
add,303301,5,304052
add,164460,4,277506
add,12887,6,292917
add,180082,2,303067
add,303539,4,177023
add,303686,4,304053
add,165599,4,291085
add,304054,4,245319
add,165566,6,248288
add,304055,2,303147
add,226316,9,210381
add,303208,11,255393
add,304056,1,303371
add,304057,11,303424
add,164272,2,231459
add,210029,3,303312
add,163909,3,280579
add,41194,6,273021
add,13477,3,294143
add,17875,3,303312
add,166067,3,303586
add,303301,3,304058
add,304059,1,303397
add,30301,4,303329
add,299170,1,247245
add,167758,3,247384
add,304060,1,273130
add,219351,6,225476
add,163670,3,303206
add,304061,3,303057
add,304062,4,175935
add,80973,9,303058
add,304063,0,303269
add,89209,6,225476
add,24488,1,304064
add,175608,3,254020
add,168417,11,273032
add,303066,9,304065
add,304066,4,303426
add,165360,3,294143
add,304067,11,303912
add,304068,4,303214
add,31133,3,303261
add,304069,0,303586
add,304070,7,237784
add,164770,5,14821
add,199976,1,246812
add,163991,1,58367
add,303686,2,30544
add,304071,0,303206
add,13477,5,303627
add,303301,1,169845
add,250630,6,267464
add,190722,1,182099
add,199309,6,303274
add,304072,1,303267
add,167758,1,303555
add,304073,2,303281
add,163298,1,303054
add,30646,3,254020
add,164335,9,210381
add,303146,1,160321
add,191999,6,248288
add,220832,0,304074
add,244861,4,269062
add,170259,6,179902
add,164460,6,292332
add,165749,3,303261
add,25360,3,303284
add,170259,5,293082
add,304075,0,303283
add,304076,9,303287
add,303146,6,219832
add,41194,4,193469
add,170259,1,234364
add,191059,1,247245
add,303491,1,304077
add,142303,5,169315
add,61046,1,299646
add,304078,1,235088
add,304079,0,303146
add,304080,4,182029
add,163670,4,277506
add,164484,5,163365
add,29286,11,168887
add,41194,2,164755
add,304081,4,304082
add,164770,3,247384
add,164770,6,191067
add,304083,0,303146
add,304084,4,303214
add,304085,4,273347
add,166554,1,234612
add,304086,0,303283
add,304087,9,303287
add,304088,4,303152
add,29721,0,303283
add,171370,1,273130
add,304089,5,234364
add,164770,4,163927
add,303539,2,304090
add,31133,6,163681
add,304091,11,303212
add,164272,3,1865
add,163865,12,285980
add,238943,4,269062
add,11005,3,303153
add,203203,3,170587
add,304092,4,245319
add,304093,5,169315
add,304094,0,303223
add,272432,1,273130
add,163904,2,303318
add,304095,4,245319
add,304096,0,303190
add,163950,1,181849
add,62732,3,303251
add,11355,2,220435
add,303301,5,183808
add,177582,4,179425
add,188838,1,247245
add,165181,1,270086
add,25360,4,280634
add,304097,1,234364
add,128187,5,293324
add,304098,0,303206
add,304099,0,303138
add,303289,6,304100
add,304101,0,303153
add,170259,2,284979
add,186546,1,187753
add,303301,6,179953
add,41194,3,47908
add,165599,8,169727
add,304102,8,303267
add,61845,4,245319
add,304103,3,170587
add,167720,2,247876
add,163909,6,246812
add,304104,4,245319
add,304105,0,303417
add,164231,4,269062
add,58446,0,246743
add,281365,2,303318
add,26866,4,267876
add,181266,1,220944
add,200620,5,304106
add,304107,4,182029
add,213568,6,225476
add,303086,0,304108
add,167758,1,181849
add,29609,1,176025
add,304109,1,245442
add,168232,1,244432
add,303066,6,304110
add,179044,3,303312
add,304111,5,272460
add,304112,2,303104
add,304113,4,303358
add,165776,2,303318
add,170259,11,187728
add,304114,1,220944
add,164372,2,194705
add,282854,1,239153
add,163991,6,179953
add,304115,5,303381
add,303246,6,304116
add,168232,9,191067
add,165599,3,303206
add,167347,1,176300
add,304117,0,303181
add,303066,3,254600
add,304118,0,303675
add,48920,7,303058
add,166180,3,86288
add,164272,3,246848
add,304119,0,303231
add,21238,12,303260
add,303232,6,304120
add,37568,8,169727
add,255597,10,303114
add,304121,4,182029
add,166180,2,177203
add,303711,0,304122
add,304123,0,303283
add,167347,1,187753
add,52197,4,169783
add,304124,1,303370
add,75384,4,303329
add,170259,4,77598
add,304125,1,246812
add,304126,11,303714
add,164460,2,27303
add,200620,4,244719
add,28335,6,303274
add,304127,0,169585
add,304128,4,273347
add,304129,0,303153
add,166180,3,9795
add,304130,0,303237
add,164173,2,298200
add,164484,6,163667
add,168232,6,166292
add,61046,3,166938
add,304131,6,304132
add,163699,6,215762
add,303173,1,186156
add,62071,7,194073
add,210978,6,225439
add,295868,6,285980
add,304133,12,303801
add,32669,1,220944
add,238587,6,199492
add,37884,4,281451
add,25360,2,303482
add,304134,0,303146
add,304135,3,304136
add,178582,5,303627
add,304137,2,164619
add,304138,0,304139
add,234898,4,304082
add,303686,4,304140
add,303730,4,303072
add,303541,1,303317
add,304141,0,230230
add,229811,1,303220
add,304142,1,303317
add,164272,3,8823
add,163699,3,248337
add,303227,4,304143
add,304144,6,303400
add,304145,3,303087
add,101566,2,282073
add,304146,1,303397
add,304147,6,303144
add,67098,1,204491
add,116056,3,303312
add,304148,0,303336
add,164460,7,270847
add,61774,11,168887
add,163838,3,303312
add,12887,9,181874
add,303686,1,304149
add,304150,9,303287
add,304151,0,303312
add,304152,1,303093
add,163699,2,265578
add,303366,3,183031
add,165459,1,303555
add,304153,3,303087
add,304154,6,303407
add,164460,2,225439
add,163865,1,270086
add,246488,11,273032
add,304155,2,303083
add,163850,1,182944
add,22726,1,220944
add,304156,1,247907
add,304157,0,303691
add,49250,2,273984
add,304158,0,294143
add,164271,6,169762
add,303227,5,304159
add,257265,4,303799
add,177582,4,182029
add,304160,3,303146
add,13477,3,303154
add,234545,5,303454
add,41194,2,165005
add,168232,4,291085
add,304161,4,303228
add,205115,0,303146
add,248325,6,289999
add,304162,1,234364
add,163659,11,168887
add,11567,1,204491
add,150407,4,250216
add,164484,2,248851
add,303229,2,304163
add,178249,4,175935
add,303266,1,304164
add,303686,1,304165
add,165749,9,293387
add,181100,1,247907
add,164291,1,234489
add,304166,5,303454
add,304167,1,234364
add,220204,4,269062
add,304168,4,303426
add,166180,6,215762
add,163865,6,163681
add,164963,6,164489
add,238587,3,246743
add,304169,4,182029
add,304170,1,303093
add,163838,4,64539
add,217743,2,303067
add,304171,4,303228
add,304172,0,303231
add,265947,4,269062
add,164770,1,71821
add,304173,11,273032
add,198176,3,170587
add,303246,3,304174
add,61774,6,285980
add,110326,3,169585
add,163699,6,174383
add,164605,7,215666
add,304175,0,303242
add,167347,3,139103
add,76206,5,303358
add,304176,6,289999
add,304177,4,303072
add,163699,3,33850
add,164738,5,303329
add,304178,0,303146
add,304179,4,303214
add,304180,4,250216
add,225171,3,303055
add,304181,4,303076
add,166067,4,303076
add,163991,3,174219
add,164484,11,205455
add,164544,7,215666
add,165506,6,303361
add,165776,1,246812
add,304182,1,303267
add,164502,2,280667
add,303066,6,304183
add,114308,1,303790
add,163838,3,165022
add,101566,1,270086
add,164963,11,173616
add,51938,4,277506
add,304184,0,303153
add,303242,1,304185
add,303616,11,303714
add,303206,1,304186
add,304187,0,303157
add,163699,1,304029
add,190526,3,303261
add,165284,6,246812
add,168286,3,303312
add,164674,2,226536
add,301704,2,298200
add,173065,6,303341
add,304188,9,303287
add,62071,2,303482
add,164484,3,92983
add,11573,2,194705
add,165360,11,266841
add,166067,6,285980
add,165749,6,303428
add,175608,7,303058
add,303066,3,216476
add,304189,1,234364
add,304190,4,175935
add,163850,1,247907
add,61845,4,269062
add,164347,6,199492
add,248325,3,303055
add,303168,4,135316
add,164738,6,285980
add,164484,5,68545
add,166180,1,219039
add,170259,4,175949
add,165153,6,267464
add,217800,0,304191
add,304192,3,170587
add,304193,5,303188
add,304166,3,288177
add,303301,2,304194
add,303459,5,304195
add,31133,12,285980
add,65165,8,169727
add,303229,5,304196
add,211094,6,289999
add,304197,1,303341
add,303539,5,177645
add,263159,11,273032
add,303539,1,304198
add,304199,5,169315
add,303106,2,304200
add,185140,1,303054
add,164770,5,55863
add,220435,0,304201
add,304202,1,303454
add,167347,2,251042
add,272457,1,303220
add,167758,3,234634
add,163353,4,292779
add,304203,1,303086
add,166180,3,272245
add,165128,3,303586
add,303849,5,304204
add,304205,1,292917
add,56605,1,204491
add,35379,1,235088
add,304206,0,294143
add,97216,4,182029
add,166180,1,215101
add,166882,4,298242
add,304207,4,303152
add,304208,4,303389
add,303239,1,304209
add,250194,4,304210
add,17875,2,225439
add,304211,4,303197
add,165128,6,303428
add,164460,3,14747
add,304212,4,245319
add,181100,7,303058
add,164605,4,273347
add,89300,5,303209
add,204491,0,304213
add,304214,9,303287
add,303127,0,238060
add,182076,3,250194
add,164963,6,281302
add,280579,6,304215
add,303206,2,304216
add,230031,1,247245
add,166018,2,194705
add,164681,6,285980
add,164460,2,22619
add,204203,6,225439
add,138864,2,298200
add,167720,2,248288
add,167293,4,269062
add,163838,2,173852
add,181882,2,194705
add,165284,1,234489
add,163950,3,169968
add,304217,2,220435
add,304218,0,303239
add,26927,3,303055
add,75384,4,275028
add,260672,3,170587
add,304219,3,303289
add,200620,3,175977
add,304220,1,303371
add,304221,4,175935
add,61046,5,277190
add,170259,3,170700
add,252004,4,269062
add,164982,8,169727
add,304222,2,303059
add,303609,3,170700
add,164770,3,220224
add,304223,0,170587
add,1224,1,187753
add,304224,4,245319
add,304225,4,303389
add,303600,5,165958
add,304226,6,303274
add,164770,3,219936
add,128524,1,303790
add,303304,12,304227
add,165432,6,169762
add,165034,1,224968
add,204203,1,234612
add,304228,0,303366
add,304229,6,303341
add,304230,4,303389
add,170259,1,282389
add,303133,9,304231
add,166554,2,231459
add,244745,9,303078
add,304232,1,246812
add,177582,1,215101
add,165663,1,187753
add,304233,4,303152
add,304234,5,303358
add,304235,5,169315
add,304236,0,303194
add,304237,3,303314
add,304238,3,170587
add,190722,12,285980
add,167138,1,303317
add,25221,6,225476
add,163699,5,284978
add,10104,1,303220
add,220435,0,304239
add,170259,6,254414
add,304240,4,303228
add,66711,3,169585
add,167932,1,292917
add,61046,1,246730
add,101566,6,303274
add,304241,1,303370
add,304242,1,303371
add,26866,2,231459
add,164460,1,293019
add,303690,0,304243
add,190602,1,235088
add,164272,2,165129
add,69532,5,303132
add,205753,11,168887
add,167138,1,194061
add,304244,4,182029
add,128187,1,282389
add,41194,3,166938
add,167347,3,303206
add,303459,5,244833
add,163838,5,70862
add,164963,2,169958
add,163699,5,170832
add,168479,3,303261
add,179218,2,303067
add,167533,6,199492
add,304245,3,303087
add,164484,3,272707
add,163838,3,53126
add,192360,6,289999
add,303066,2,210340
add,181896,5,303368
add,25748,11,168887
add,165749,3,27185
add,246743,4,304246
add,164272,1,187807
add,174603,1,224968
add,304247,2,303281
add,168232,1,186085
add,304248,2,303364
add,304249,5,303368
add,97216,5,234364
add,303223,7,304250
add,165506,1,194705
add,299434,1,303317
add,30646,1,247907
add,304251,4,277506
add,46684,1,247907
add,304252,1,303454
add,304253,0,303190
add,35751,3,169585
add,168232,3,219368
add,164272,2,299356
add,170259,3,164598
add,304254,4,303072
add,164770,3,6074
add,8957,6,303058
add,304255,3,303087
add,182076,6,199492
add,304256,3,303087
add,304257,5,169315
add,165128,4,267876
add,48920,6,225476
add,163950,2,303665
add,304258,0,303157
add,303153,1,304259
add,46684,5,303205
add,304260,5,303368
add,138864,4,175935
add,213568,1,303054
add,164272,1,68271
add,164506,8,217800
add,37884,2,247876
add,251716,2,298200
add,29609,3,272819
add,246743,4,164165
add,304261,9,248288
add,304262,3,303087
add,164507,1,279487
add,304263,1,303054
add,167758,9,210381
add,164963,5,171181
add,50643,2,298200
add,304264,1,303454
add,117465,4,291085
add,188838,6,270086
add,303150,5,199715
add,167758,4,253989
add,21143,4,175935
add,304265,0,303289
add,303066,2,304266
add,165661,5,220435
add,304267,5,169315
add,304268,0,303113
add,167720,11,273032
add,11573,9,210381
add,48547,2,303070
add,46684,3,303154
add,166554,6,303058
add,303849,5,304269
add,1224,8,303354
add,165153,3,303284
add,165603,1,303555
add,164272,3,293130
add,205701,11,168887
add,304270,1,303454
add,304271,3,303087
add,164484,3,84388
add,25748,4,273347
add,304272,11,303212
add,175935,0,304273
add,165749,3,7374
add,303439,2,304274
add,30567,1,194061
add,25360,1,303220
add,200620,5,304275
add,303208,4,304276
add,6608,9,303287
add,304277,11,273032
add,163838,4,284744
add,304278,0,303206
add,303617,0,304279
add,29536,1,245442
add,220435,0,82616
add,166882,2,303279
add,164271,9,210381
add,164460,1,22657
add,249562,0,303251
add,29719,3,303312
add,164506,1,187753
add,304280,3,303087
add,303227,9,304281
add,164770,2,77598
add,303206,3,304282
add,167347,2,211735
add,2331,1,303093
add,304283,6,303341
add,304284,2,303083
add,304285,0,303675
add,165826,1,292917
add,164507,2,226536
add,304286,1,303397
add,174032,5,291085
add,177582,3,303443
add,43955,4,280634
add,304287,0,303402
add,303301,5,18366
add,123752,1,247907
add,227029,4,269062
add,164770,6,175691
add,53201,0,303283
add,102830,5,303274
add,163838,2,175726
add,304288,6,303341
add,303304,4,304289
add,167347,9,146255
add,304290,0,303106
add,304291,9,303287
add,304292,0,303343
add,248648,6,285980
add,163699,1,82362
add,204028,3,170587
add,304293,2,226536
add,170259,6,164078
add,164460,6,303309
add,165942,11,168887
add,237554,3,303055
add,13477,6,199492
add,67098,7,303058
add,106345,4,182029
add,30567,2,273984
add,303459,5,304294
add,304295,1,273130
add,289999,0,304296
add,181266,2,303285
add,304297,0,303153
add,304298,11,273032
add,245228,1,181947
add,168232,1,194705
add,163659,3,254020
add,186546,6,303274
add,167347,1,285062
add,304299,1,194705
add,304300,4,273347
add,304301,0,170587
add,304302,4,304082
add,170259,1,176300
add,304303,0,303366
add,41194,2,168385
add,164484,3,104653
add,271435,1,220944
add,164770,3,178657
add,59555,3,170587
add,304304,2,303660
add,270418,2,303318
add,280579,6,304305
add,212195,6,303341
add,164369,2,303329
add,165776,6,163681
add,53648,4,235435
add,303539,2,304306
add,23735,3,303206
add,261116,6,225476
add,163699,6,285980
add,301704,1,235088
add,164335,11,273032
add,72304,5,303205
add,163991,1,61558
add,163991,4,234656
add,304307,2,303285
add,184611,6,225439
add,163991,5,244565
add,303301,3,304308
add,303146,1,304309
add,304310,1,220944
add,304311,0,303208
add,304312,4,303281
add,304313,1,303093
add,304314,0,303343
add,303142,2,304315
add,165432,2,194705
add,21143,4,281451
add,220214,2,226536
add,304316,0,303239
add,163838,4,244793
add,164335,2,298200
add,304317,5,303132
add,190896,1,303317
add,177582,6,215762
add,8957,1,176025
add,163904,3,250194
add,7537,3,303208
add,163560,1,303054
add,24488,1,182099
add,48547,4,303073
add,304318,0,175862
add,61046,3,300247
add,29536,3,303312
add,164460,1,225179
add,304319,4,245319
add,97216,1,187753
add,200620,5,304320
add,304321,1,189117
add,304322,5,187753
add,304323,5,169315
add,165749,3,288221
add,303066,2,304324
add,165999,4,280634
add,170259,1,169994
add,164674,3,303312
add,234549,11,273032
add,163699,2,215823
add,3117,1,303317
add,303301,2,304325
add,303849,5,304326
add,304327,5,303368
add,64510,4,303174
add,304328,1,303220
add,53926,6,199492
add,164107,3,246743
add,37568,6,163681
add,304329,0,303289
add,303301,5,304330
add,304331,0,303218
add,290724,1,303317
add,163950,2,251719
add,304332,0,303546
add,164605,1,245442
add,166180,4,243814
add,304333,0,303113
add,170259,1,304029
add,304334,5,303322
add,164770,8,300619
add,77280,3,169585
add,116679,1,220944
add,303510,6,225476
add,15226,3,303312
add,188298,6,280667
add,29609,5,303329
add,303609,2,219649
add,74597,4,303076
add,304335,0,303251
add,61046,5,241622
add,304336,2,303070
add,303361,0,304337
add,84296,1,239153
add,304338,0,303289
add,304339,4,245319
add,197626,11,273032
add,304340,0,303157
add,163991,1,209717
add,177582,4,175671
add,164415,3,250194
add,303366,2,304341
add,72304,9,210381
add,304342,0,303366
add,304343,1,303397
add,304344,6,303341
add,304345,1,245442
add,304346,5,303386
add,303241,2,304347
add,164484,4,244765
add,304348,4,303149
add,303459,5,272888
add,61845,6,248288
add,13477,6,163681
add,266330,4,303228
add,304349,0,294143
add,13477,2,303067
add,304350,0,303242
add,96563,1,220944
add,163850,1,181947
add,222520,1,220944
add,303239,2,205316
add,303686,9,304351
add,167347,3,170544
add,303675,9,304352
add,304353,0,303269
add,303366,7,304354
add,304355,9,303078
add,262954,0,170587
add,303197,0,304356
add,163991,2,288586
add,303066,3,171024
add,49250,4,280558
add,164484,3,61784
add,304357,0,304358
add,304359,2,303285
add,41194,3,66409
add,303066,1,163911
add,165933,8,169727
add,163904,3,303261
add,304360,4,303152
add,168232,9,251042
add,169285,2,226536
add,304361,4,303214
add,200620,5,301223
add,164963,2,95363
add,164484,3,18201
add,165790,1,224968
add,271484,1,247245
add,164484,3,164736
add,163950,2,284979
add,304362,5,169315
add,163950,3,19455
add,171346,11,273032
add,164272,4,182180
add,303304,2,304363
add,163904,4,169783
add,304364,9,273984
add,166180,9,303850
add,304365,4,250216
add,303061,5,304366
add,304367,4,281451
add,304368,6,267464
add,25221,6,169762
add,303229,5,304369
add,37568,1,182944
add,167758,9,304370
add,304371,3,303092
add,40374,5,169315
add,303146,4,304372
add,304373,1,303093
add,167758,6,299444
add,173341,1,220944
add,164865,4,245319
add,304374,1,247907
add,167758,5,70862
add,164271,4,169783
add,304375,0,303150
add,304376,0,303181
add,304377,3,303087
add,164484,3,245339
add,165776,6,246812
add,164449,5,303329
add,164460,1,209717
add,303241,6,197017
add,189412,1,247907
add,123476,0,303289
add,163838,3,281507
add,163838,9,249587
add,304378,0,250194
add,52295,5,303205
add,176282,6,303287
add,303301,3,304379
add,53329,7,303058
add,167347,4,303072
add,179385,1,245442
add,252477,6,225476
add,304380,5,303329
add,304381,9,273984
add,167347,2,75907
add,166180,3,9950
add,304382,0,303417
add,304383,3,303057
add,167347,3,168205
add,303404,4,304384
add,304385,0,304386
add,303343,0,304387
add,72304,11,266841
add,304388,4,303426
add,164272,1,187753
add,304389,0,303181
add,164722,7,194073
add,165459,4,280634
add,303689,8,304390
add,304391,3,303647
add,164484,3,165819
add,304392,6,303341
add,304393,0,303153
add,304394,11,273032
add,177582,9,303850
add,304395,2,303617
add,303225,0,304396
add,304397,9,303235
add,101046,6,303070
add,163838,9,39309
add,304398,2,220435
add,303229,5,304399
add,304400,4,303214
add,260365,12,303260
add,168232,4,69027
add,220204,6,303361
add,256914,11,303714
add,304401,1,303070
add,304402,11,303373
add,171370,1,182944
add,303066,2,214374
add,164770,3,54075
add,304403,1,303397
add,167947,11,273032
add,167293,1,234489
add,163950,9,243641
add,163659,2,245678
add,303694,3,304404
add,163850,1,273130
add,304405,4,182029
add,303208,1,304406
add,25221,4,280634
add,303654,0,304407
add,142303,1,303790
add,77135,4,267876
add,304408,8,303354
add,163991,4,124104
add,128187,6,169762
add,303849,5,304409
add,304410,4,273347
add,199309,3,303055
add,189412,11,168887
add,128187,6,248288
add,52197,2,226536
add,190209,4,267876
add,163991,5,183808
add,186546,12,285980
add,192360,3,303261
add,87738,2,303285
add,128187,3,294143
add,166180,8,225015
add,304411,6,225476
add,303600,5,287438
add,165933,1,282389
add,165214,3,250194
add,163838,3,60363
add,153358,5,169315
add,77135,4,245319
add,169067,3,170587
add,202121,4,280634
add,171417,0,303289
add,192994,6,270086
add,106345,1,224968
add,304412,4,245319
add,304413,9,303663
add,29515,2,303234
add,223694,6,225476
add,41194,1,293278
add,304414,3,303087
add,303120,11,304415
add,65165,5,245319
add,164272,3,166891
add,163838,4,280558
add,31135,5,303274
add,271435,1,303054
add,304416,1,239153
add,271113,6,289999
add,243069,4,267876
add,12887,5,220435
add,247210,5,273347
add,167758,10,245414
add,200620,5,304417
add,34194,1,220435
add,304418,4,182029
add,304419,5,169315
add,303251,5,304420
add,61046,1,171595
add,168232,5,122847
add,303470,1,303317
add,304421,0,303284
add,11573,2,226536
add,304422,8,303354
add,304423,6,303358
add,166155,6,280667
add,304424,9,303104
add,304425,6,303059
add,164460,5,28111
add,165749,3,303284
add,304426,4,273347
add,303208,7,201812
add,97216,1,282389
add,303459,5,304427
add,164770,4,69280
add,304428,1,247245
add,304429,4,182029
add,128187,1,303317
add,167138,1,273130
add,166180,5,163922
add,250421,8,217800
add,178731,1,239153
add,303146,6,304430
add,234308,5,303329
add,304431,6,303287
add,165603,6,246812
add,304432,3,303087
add,304433,2,303147
add,304434,0,303351
add,164484,3,23206
add,163950,5,14520
add,271068,11,273032
add,303223,1,304435
add,303719,11,273032
add,262737,5,303228
add,277214,6,225476
add,304436,0,303563
add,258369,6,225476
add,182414,3,303312
add,227129,6,225476
add,303692,4,272322
add,163699,11,173195
add,304437,0,303293
add,164440,1,204491
add,304438,1,239153
add,200620,5,139250
add,304439,1,245442
add,304440,9,303078
add,21143,6,280667
add,304441,8,303354
add,163950,6,229711
add,165942,2,231459
add,164021,1,295235
add,304442,6,303187
add,304443,6,303267
add,304444,4,303358
add,200342,6,225476
add,304445,0,303231
add,304446,0,303283
add,303239,7,304447
add,4011,6,248288
add,66420,2,303279
add,304448,0,303293
add,208128,11,303424
add,304449,9,303078
add,304450,1,303454
add,304451,9,303306
add,165790,6,270086
add,303539,5,304452
add,303301,6,304453
add,64434,9,273984
add,163991,3,178495
add,304454,9,303078
add,303301,3,178495
add,165749,1,225230
add,165749,3,221902
add,304455,5,303228
add,304456,1,303317
add,168232,6,191067
add,270314,6,267464
add,165749,2,185661
add,164544,9,181874
add,163950,2,185661
add,167347,1,303220
add,28899,5,303329
add,193253,3,303261
add,177582,4,304457
add,228569,3,303647
add,304458,2,303364
add,164770,1,181947
add,304459,1,239153
add,177582,2,248851
add,304460,0,303146
add,98653,3,246743
add,53329,3,272819
add,165048,4,269062
add,303208,4,209538
add,193253,6,303428
add,164335,4,182029
add,304461,1,245442
add,163822,2,199492
rem,280542,0,280543
rem,198908,0,198909
rem,224961,0,221096
rem,181708,1,177661
rem,82767,0,17416
rem,272663,0,272493
rem,287928,1,287929
rem,292630,9,292631
rem,292701,5,163922
rem,41146,4,29308
rem,243735,0,239851
rem,101046,2,275357
rem,176031,0,176032
rem,287805,1,288216
rem,50039,0,12041
rem,30660,1,73541
rem,17386,0,24164
rem,99893,0,12571
rem,234545,5,234936
rem,109633,0,176032
rem,113679,0,193724
rem,210280,0,210534
rem,169118,1,169517
rem,235053,1,234596
rem,2095,0,2096
rem,90209,0,3230
rem,93018,0,20833
rem,112799,0,13077
rem,119716,0,53849
rem,163895,3,165819
rem,3204,4,15270
rem,49924,0,49923
rem,230476,0,230141
rem,299794,1,299354
rem,43842,0,8267
rem,145731,0,9898
rem,145437,0,8690
rem,2704,0,27577
rem,126699,0,989
rem,30357,0,25579
rem,299963,0,299260
rem,34445,0,56218
rem,198879,0,200059
rem,106856,1,94706
rem,32817,0,28222
rem,79197,0,27946
rem,54947,0,9262
rem,15366,0,48208
rem,164681,1,278463
rem,6137,0,1652
rem,52197,2,210135
rem,153168,0,27577
rem,239869,0,2177
rem,277803,1,276968
rem,189071,0,187525
rem,223892,0,230141
rem,41519,0,9567
rem,220740,3,165144
rem,234563,5,235605
rem,41869,0,41868
rem,48176,0,5442
rem,230993,0,229847
rem,168896,0,168897
rem,145437,0,75106
rem,277936,5,277119
rem,56825,0,3230
rem,164681,4,234660
rem,37173,0,26903
rem,270033,2,270735
rem,6092,0,77228
rem,187677,2,189401
rem,105586,0,26659
rem,239311,0,84073
rem,238587,1,163911
rem,4220,0,11648
rem,226583,0,225330
rem,195219,5,193453
rem,31227,0,2921
rem,245713,0,164794
rem,235910,0,234556
rem,105608,0,55557
rem,43118,0,608
rem,244355,0,252398
rem,35240,0,39623
rem,13872,4,52776
rem,21476,2,18004
rem,18207,5,1583
rem,252895,0,245134
rem,23635,0,18280
rem,13872,1,20818
rem,187496,0,188741
rem,44361,4,71595
rem,3229,0,40953
rem,41549,12,292437
rem,67676,0,755
rem,272685,6,168507
rem,115726,0,209911
rem,190055,0,187525
rem,212143,4,210012
rem,70880,0,60054
rem,238858,1,239337
rem,182502,0,181395
rem,82767,0,61892
rem,126429,0,24859
rem,58697,0,47001
rem,55082,0,50889
rem,19944,0,46712
rem,300923,1,299061
rem,206871,0,204633
rem,282547,0,280655
rem,41869,0,3127
rem,8659,0,16946
rem,36226,6,1869
rem,290039,0,288097
rem,68696,0,54270
rem,167932,6,299444
rem,2446,1,48168
rem,161859,0,9457
rem,77392,0,37114
rem,244745,5,253144
rem,192360,3,164598
rem,128166,0,8975
rem,129277,0,38617
rem,220740,3,174444
rem,2095,0,9531
rem,152436,0,45072
rem,105572,0,18886
rem,11367,0,48208
rem,66942,5,163365
rem,196236,0,193842
rem,64032,0,69255
rem,34212,0,84376
rem,168931,5,164957
rem,37883,0,15652
rem,77280,12,292437
rem,140358,0,5782
rem,106856,1,18554
rem,188074,11,220300
rem,101046,9,229564
rem,117580,0,29504
rem,81444,0,81445
rem,201610,5,244833
rem,207465,0,204231
rem,290495,3,288177
rem,190829,3,187525
rem,120366,0,215261
rem,14954,0,69049
rem,234768,4,236854
rem,20567,0,12277
rem,223026,0,220921
rem,292328,0,296154
rem,8903,1,48171
rem,106856,1,71050
rem,239077,5,163922
rem,18207,3,4622
rem,301527,0,299375
rem,66105,0,42700
rem,33315,0,18930
rem,59095,0,60920
rem,301608,0,299172
rem,45892,1,1583
rem,99568,0,26215
rem,19491,4,20013
rem,85797,0,29418
rem,16090,0,24575
rem,215178,0,218392
rem,187498,0,185105
rem,41869,0,36335
rem,87772,0,50995
rem,232829,0,230141
rem,292630,1,293550
rem,266468,1,119567
rem,195232,1,193867
rem,5168,0,1419
rem,301928,0,205843
rem,43920,0,2446
rem,137790,0,65817
rem,90209,0,89
rem,2401,8,204779
rem,213694,0,210314
rem,215375,0,218157
rem,58289,0,100847
rem,234596,0,235053
rem,112527,0,44361
rem,12707,1,18609
rem,28709,0,38461
rem,30162,0,45869
rem,20473,0,20474
rem,29744,0,119392
rem,260757,0,246224
rem,18587,0,15688
rem,3009,1,10679
rem,36539,0,25650
rem,70971,0,56316
rem,9333,1,26337
rem,176095,4,180060
rem,164681,7,175798
rem,164291,3,165144
rem,25910,0,8594
rem,83593,0,82286
rem,165776,9,164078
rem,208534,0,204231
rem,103555,0,48208
rem,288332,5,167841
rem,279766,0,276988
rem,297434,0,292539
rem,193716,1,230432
rem,302253,0,299181
rem,27016,0,61965
rem,2452,0,71773
rem,38168,12,292437
rem,302347,1,299061
rem,128166,0,3580
rem,175471,4,180420
rem,277500,1,278344
rem,198908,0,203320
rem,24509,0,11623
rem,15226,9,229564
rem,94706,0,45863
rem,192353,0,187994
rem,106856,1,134274
rem,302537,0,299761
rem,57816,0,29307
rem,85797,0,18062
rem,55042,0,4663
rem,302630,0,298899
rem,46531,5,272769
rem,142223,0,7798
rem,272590,2,45343
rem,68781,0,48208
rem,7289,0,5028
rem,165942,5,177645
rem,209217,0,204246
rem,38001,0,131582
rem,238648,0,219008
rem,9454,0,49251
rem,91898,0,10088
rem,187404,8,280950
rem,198948,0,55345
rem,163358,3,163661
rem,50966,0,51004
rem,106856,4,77088
rem,88258,0,7798
rem,238670,5,272888
rem,106856,1,3475
rem,58995,0,176302
rem,2134,0,32092
rem,196361,1,193867
rem,11893,0,23666
rem,163995,6,299348
rem,84381,0,16357
rem,128166,0,46289
rem,2446,4,2447
rem,234595,11,96105
rem,238515,0,234595
rem,243967,1,265995
rem,266483,3,168247
rem,52197,4,302986
rem,280485,5,277059
rem,284412,0,280842
rem,287780,0,292283
rem,25140,0,14549
